{
  "micro_f1": 0.9041095890410958,
  "macro_f1": 0.9082129640000612,
  "classification_report": "                              precision    recall  f1-score   support\n\n               CONTACT_EMAIL       0.67      1.00      0.80        12\n               CONTACT_PHONE       0.75      1.00      0.86         3\n                     HAS_FEE       1.00      1.00      1.00         1\n               HAS_MENU_ITEM       0.99      0.96      0.98       168\n                 HAS_SECTION       0.72      1.00      0.84        18\n                    LINKS_TO       0.90      1.00      0.95       134\n               MENTIONS_DATE       1.00      1.00      1.00         3\n         MENTIONS_EXAM_LEVEL       0.75      1.00      0.86         3\n           MENTIONS_LOCATION       1.00      1.00      1.00         3\n                 NO_RELATION       0.91      0.69      0.79       131\n       REFERENCES_ATTACHMENT       1.00      1.00      1.00         2\nREFERENCES_EXTERNAL_RESOURCE       0.77      0.91      0.83        33\n\n                    accuracy                           0.90       511\n                   macro avg       0.87      0.96      0.91       511\n                weighted avg       0.91      0.90      0.90       511\n"
}