{
  "micro_f1": 0.9628180039138943,
  "macro_f1": 0.9500908539128723,
  "classification_report": "                              precision    recall  f1-score   support\n\n               CONTACT_EMAIL       0.86      1.00      0.92        12\n               CONTACT_PHONE       1.00      1.00      1.00         3\n                     HAS_FEE       1.00      1.00      1.00         1\n               HAS_MENU_ITEM       0.97      0.99      0.98       168\n                 HAS_SECTION       0.82      1.00      0.90        18\n                    LINKS_TO       0.98      1.00      0.99       134\n               MENTIONS_DATE       0.75      1.00      0.86         3\n         MENTIONS_EXAM_LEVEL       0.75      1.00      0.86         3\n           MENTIONS_LOCATION       1.00      1.00      1.00         3\n                 NO_RELATION       0.97      0.88      0.92       131\n       REFERENCES_ATTACHMENT       1.00      1.00      1.00         2\nREFERENCES_EXTERNAL_RESOURCE       1.00      0.94      0.97        33\n\n                    accuracy                           0.96       511\n                   macro avg       0.92      0.98      0.95       511\n                weighted avg       0.97      0.96      0.96       511\n"
}